period,scenario,complexity_pressure,resilience_capacity,feedback_amplification,accountability_score,harm_pressure,resilience_stock,learning_stock,trust_stock,accountability_memory,harm_stock,transformation_capacity,systems_readiness_score
0,Fragmented reaction,71.12,20.3,37.432,19.17,42.448,31.695,13.652,16.855,10.542,42.509,14.958,4.761
1,Fragmented reaction,71.12,20.5,37.386,19.234,42.376,28.413,14.313,16.844,10.691,49.897,13.693,2.71
2,Fragmented reaction,71.12,20.644,37.348,19.263,42.327,25.146,14.978,16.465,10.845,57.272,12.424,0.598
3,Fragmented reaction,71.12,20.73,37.319,19.256,42.301,21.883,15.636,15.718,11.0,64.642,11.148,0.0
4,Fragmented reaction,71.12,20.755,37.299,19.212,42.3,18.612,16.282,14.598,11.151,72.015,9.859,0.0
5,Fragmented reaction,71.12,20.718,37.29,19.13,42.325,15.324,16.906,13.105,11.294,79.4,8.554,0.0
6,Fragmented reaction,71.12,20.616,37.292,19.009,42.376,12.007,17.5,11.233,11.426,86.806,7.227,0.0
7,Fragmented reaction,71.12,20.447,37.306,18.848,42.454,8.65,18.057,8.98,11.541,94.242,5.873,0.0
8,Fragmented reaction,71.12,20.209,37.332,18.646,42.561,5.241,18.566,6.342,11.637,100.0,4.694,0.0
9,Fragmented reaction,71.12,19.899,37.372,18.401,42.697,1.768,19.021,3.398,11.707,100.0,4.175,0.0
10,Fragmented reaction,71.12,19.528,37.425,18.121,42.858,0.0,19.414,0.434,11.748,100.0,3.909,0.0
11,Fragmented reaction,71.12,19.141,37.483,17.833,43.025,0.0,19.743,0.0,11.76,100.0,3.912,0.0
12,Fragmented reaction,71.12,19.144,37.481,17.792,43.032,0.0,20.064,0.0,11.768,100.0,3.967,0.0
13,Fragmented reaction,71.12,19.214,37.469,17.794,43.012,0.0,20.385,0.0,11.777,100.0,4.032,0.0
14,Fragmented reaction,71.12,19.285,37.457,17.795,42.991,0.0,20.707,0.0,11.787,100.0,4.096,0.0
15,Fragmented reaction,71.12,19.356,37.444,17.797,42.97,0.0,21.029,0.0,11.798,100.0,4.161,0.0
16,Fragmented reaction,71.12,19.426,37.432,17.8,42.95,0.0,21.352,0.0,11.81,100.0,4.226,0.0
17,Fragmented reaction,71.12,19.497,37.419,17.802,42.929,0.0,21.675,0.0,11.823,100.0,4.292,0.0
18,Fragmented reaction,71.12,19.569,37.407,17.805,42.908,0.0,21.999,0.0,11.837,100.0,4.357,0.0
19,Fragmented reaction,71.12,19.64,37.394,17.807,42.886,0.0,22.323,0.0,11.852,100.0,4.422,0.0
20,Fragmented reaction,71.12,19.711,37.381,17.81,42.865,0.0,22.648,0.0,11.868,100.0,4.488,0.0
21,Fragmented reaction,71.12,19.783,37.368,17.814,42.844,0.0,22.974,0.0,11.886,100.0,4.554,0.0
22,Fragmented reaction,71.12,19.854,37.355,17.817,42.822,0.0,23.3,0.0,11.904,100.0,4.62,0.0
23,Fragmented reaction,71.12,19.926,37.341,17.821,42.801,0.0,23.627,0.0,11.924,100.0,4.686,0.0
24,Fragmented reaction,71.12,19.998,37.328,17.825,42.779,0.0,23.954,0.0,11.945,100.0,4.752,0.0
25,Fragmented reaction,71.12,20.07,37.314,17.829,42.758,0.0,24.282,0.0,11.967,100.0,4.819,0.0
26,Fragmented reaction,71.12,20.142,37.301,17.833,42.736,0.0,24.61,0.0,11.99,100.0,4.885,0.0
27,Fragmented reaction,71.12,20.214,37.287,17.838,42.714,0.0,24.94,0.0,12.014,100.0,4.952,0.0
28,Fragmented reaction,71.12,20.287,37.273,17.843,42.692,0.0,25.27,0.0,12.04,100.0,5.019,0.0
29,Fragmented reaction,71.12,20.359,37.258,17.848,42.67,0.0,25.6,0.0,12.067,100.0,5.087,0.0
30,Fragmented reaction,71.12,20.432,37.244,17.853,42.647,0.0,25.932,0.0,12.096,100.0,5.154,0.0
31,Fragmented reaction,71.12,20.505,37.23,17.859,42.625,0.0,26.264,0.0,12.125,100.0,5.222,0.0
32,Fragmented reaction,71.12,20.578,37.215,17.865,42.602,0.0,26.597,0.0,12.156,100.0,5.29,0.0
33,Fragmented reaction,71.12,20.651,37.2,17.871,42.58,0.0,26.93,0.0,12.189,100.0,5.358,0.0
34,Fragmented reaction,71.12,20.725,37.185,17.878,42.557,0.0,27.265,0.0,12.223,100.0,5.426,0.0
35,Fragmented reaction,71.12,20.798,37.17,17.885,42.534,0.0,27.6,0.0,12.258,100.0,5.495,0.0
36,Fragmented reaction,71.12,20.872,37.155,17.892,42.511,0.0,27.936,0.0,12.295,100.0,5.563,0.0
37,Fragmented reaction,71.12,20.946,37.139,17.899,42.488,0.0,28.273,0.0,12.334,100.0,5.632,0.0
38,Fragmented reaction,71.12,21.02,37.123,17.907,42.464,0.0,28.611,0.0,12.374,100.0,5.702,0.0
39,Fragmented reaction,71.12,21.094,37.108,17.915,42.441,0.0,28.95,0.0,12.415,100.0,5.771,0.0
40,Fragmented reaction,71.12,21.169,37.091,17.923,42.417,0.0,29.29,0.0,12.458,100.0,5.841,0.0
41,Fragmented reaction,71.12,21.244,37.075,17.932,42.394,0.0,29.63,0.0,12.503,100.0,5.911,0.0
42,Fragmented reaction,71.12,21.319,37.059,17.941,42.37,0.0,29.972,0.0,12.55,100.0,5.981,0.0
43,Fragmented reaction,71.12,21.394,37.042,17.95,42.346,0.0,30.315,0.0,12.598,100.0,6.052,0.0
44,Fragmented reaction,71.12,21.469,37.025,17.96,42.321,0.0,30.658,0.0,12.648,100.0,6.123,0.0
45,Fragmented reaction,71.12,21.545,37.008,17.97,42.297,0.0,31.003,0.0,12.699,100.0,6.194,0.0
46,Fragmented reaction,71.12,21.621,36.991,17.98,42.272,0.0,31.349,0.0,12.753,100.0,6.265,0.0
47,Fragmented reaction,71.12,21.697,36.973,17.991,42.248,0.0,31.695,0.0,12.808,100.0,6.337,0.0
48,Fragmented reaction,71.12,21.773,36.956,18.002,42.223,0.0,32.043,0.0,12.865,100.0,6.409,0.0
0,Optimized brittle system,65.6,27.196,31.769,28.71,32.166,33.575,23.138,24.915,16.72,32.02,25.313,15.285
1,Optimized brittle system,65.6,27.957,31.495,29.196,31.827,32.251,25.337,26.557,18.293,36.026,25.167,15.162
2,Optimized brittle system,65.6,28.703,31.218,29.674,31.493,31.025,27.594,28.033,19.917,39.921,25.061,15.072
3,Optimized brittle system,65.6,29.436,30.939,30.147,31.163,29.894,29.907,29.348,21.592,43.705,24.992,15.014
4,Optimized brittle system,65.6,30.155,30.656,30.613,30.838,28.853,32.273,30.505,23.318,47.38,24.96,14.989
5,Optimized brittle system,65.6,30.861,30.37,31.074,30.517,27.901,34.689,31.511,25.093,50.948,24.964,14.994
6,Optimized brittle system,65.6,31.553,30.082,31.53,30.199,27.034,37.152,32.371,26.917,54.409,25.003,15.029
7,Optimized brittle system,65.6,32.233,29.791,31.981,29.886,26.248,39.661,33.089,28.79,57.766,25.076,15.094
8,Optimized brittle system,65.6,32.9,29.497,32.427,29.576,25.542,42.212,33.671,30.711,61.018,25.181,15.187
9,Optimized brittle system,65.6,33.554,29.2,32.869,29.27,24.912,44.803,34.121,32.68,64.168,25.318,15.308
10,Optimized brittle system,65.6,34.196,28.901,33.308,28.967,24.355,47.433,34.444,34.696,67.217,25.485,15.456
11,Optimized brittle system,65.6,34.826,28.598,33.744,28.668,23.869,50.099,34.645,36.759,70.164,25.683,15.63
12,Optimized brittle system,65.6,35.445,28.293,34.176,28.372,23.451,52.8,34.729,38.868,73.012,25.909,15.831
13,Optimized brittle system,65.6,36.053,27.985,34.607,28.079,23.098,55.532,34.701,41.024,75.761,26.164,16.058
14,Optimized brittle system,65.6,36.649,27.674,35.035,27.788,22.81,58.295,34.566,43.225,78.411,26.447,16.31
15,Optimized brittle system,65.6,37.235,27.36,35.462,27.5,22.582,61.087,34.327,45.472,80.964,26.756,16.587
16,Optimized brittle system,65.6,37.811,27.043,35.887,27.214,22.413,63.906,33.991,47.764,83.42,27.092,16.889
17,Optimized brittle system,65.6,38.378,26.723,36.312,26.931,22.301,66.751,33.562,50.102,85.78,27.453,17.216
18,Optimized brittle system,65.6,38.935,26.4,36.737,26.65,22.244,69.62,33.045,52.485,88.044,27.84,17.567
19,Optimized brittle system,65.6,39.484,26.074,37.161,26.37,22.24,72.512,32.444,54.913,90.213,28.251,17.943
20,Optimized brittle system,65.6,40.024,25.745,37.587,26.092,22.288,75.427,31.764,57.386,92.286,28.686,18.344
21,Optimized brittle system,65.6,40.556,25.412,38.014,25.815,22.385,78.362,31.011,59.905,94.264,29.145,18.769
22,Optimized brittle system,65.6,41.081,25.077,38.442,25.539,22.53,81.316,30.188,62.468,96.147,29.628,19.22
23,Optimized brittle system,65.6,41.6,24.737,38.873,25.263,22.722,84.29,29.302,65.078,97.935,30.133,19.696
24,Optimized brittle system,65.6,42.112,24.394,39.306,24.989,22.959,87.282,28.357,67.733,99.628,30.662,20.198
25,Optimized brittle system,65.6,42.619,24.048,39.742,24.714,23.241,90.292,27.357,70.433,100.0,31.36,20.957
26,Optimized brittle system,65.6,43.121,23.697,40.182,24.44,23.566,93.318,26.37,73.18,100.0,32.114,21.806
27,Optimized brittle system,65.6,43.629,23.341,40.633,24.16,23.935,96.362,25.414,75.975,100.0,32.881,22.678
28,Optimized brittle system,65.6,44.146,22.979,41.096,23.875,24.35,99.426,24.491,78.817,100.0,33.662,23.576
29,Optimized brittle system,65.6,44.672,22.611,41.573,23.584,24.812,100.0,23.601,81.71,100.0,33.956,23.827
30,Optimized brittle system,65.6,44.656,22.324,42.062,23.445,25.269,100.0,22.746,84.647,100.0,34.137,23.932
31,Optimized brittle system,65.6,44.519,22.052,42.564,23.337,25.711,100.0,21.925,87.629,100.0,34.318,24.042
32,Optimized brittle system,65.6,44.388,21.775,43.078,23.223,26.14,100.0,21.141,90.656,100.0,34.5,24.157
33,Optimized brittle system,65.6,44.262,21.492,43.605,23.105,26.555,100.0,20.393,93.73,100.0,34.682,24.278
34,Optimized brittle system,65.6,44.143,21.204,44.145,22.982,26.958,100.0,19.683,96.852,100.0,34.865,24.405
35,Optimized brittle system,65.6,44.029,20.91,44.699,22.854,27.351,100.0,19.012,100.0,100.0,35.05,24.539
36,Optimized brittle system,65.6,43.922,20.612,45.261,22.722,27.734,100.0,18.38,100.0,100.0,35.235,24.679
37,Optimized brittle system,65.6,43.821,20.629,45.198,22.764,28.099,100.0,17.744,100.0,100.0,35.279,24.656
38,Optimized brittle system,65.6,43.719,20.645,45.134,22.805,28.447,100.0,17.104,100.0,100.0,35.321,24.627
39,Optimized brittle system,65.6,43.617,20.661,45.07,22.847,28.776,100.0,16.459,100.0,100.0,35.36,24.592
40,Optimized brittle system,65.6,43.513,20.678,45.006,22.89,29.087,100.0,15.809,100.0,100.0,35.395,24.553
41,Optimized brittle system,65.6,43.409,20.694,44.941,22.932,29.379,100.0,15.155,100.0,100.0,35.428,24.507
42,Optimized brittle system,65.6,43.305,20.711,44.875,22.975,29.653,100.0,14.496,100.0,100.0,35.457,24.456
43,Optimized brittle system,65.6,43.199,20.728,44.81,23.019,29.908,100.0,13.833,100.0,100.0,35.483,24.399
44,Optimized brittle system,65.6,43.093,20.745,44.743,23.062,30.144,100.0,13.165,100.0,100.0,35.507,24.336
45,Optimized brittle system,65.6,42.986,20.762,44.676,23.106,30.362,100.0,12.492,100.0,100.0,35.527,24.268
46,Optimized brittle system,65.6,42.879,20.779,44.609,23.15,30.56,100.0,11.815,100.0,100.0,35.544,24.194
47,Optimized brittle system,65.6,42.77,20.797,44.541,23.195,30.739,100.0,11.133,100.0,100.0,35.557,24.114
48,Optimized brittle system,65.6,42.661,20.814,44.473,23.24,30.898,100.0,10.446,100.0,100.0,35.568,24.028
0,Adaptive learning system,62.16,46.576,23.268,50.53,14.429,37.221,39.024,38.9,30.851,16.756,46.906,34.221
1,Adaptive learning system,62.16,48.449,22.523,51.9,13.548,39.698,44.215,43.903,35.447,14.309,48.936,37.861
2,Adaptive learning system,62.16,50.392,21.753,53.32,12.636,42.44,49.579,49.128,40.193,11.547,51.091,41.724
3,Adaptive learning system,62.16,52.408,20.955,54.792,11.69,45.458,55.124,54.594,45.095,8.459,53.377,45.819
4,Adaptive learning system,62.16,54.502,20.13,56.318,10.972,48.75,60.853,60.322,50.148,5.092,55.79,50.143
5,Adaptive learning system,62.16,56.679,19.277,57.902,10.269,52.322,66.771,66.328,55.355,1.443,58.331,54.703
6,Adaptive learning system,62.16,58.942,18.394,59.544,9.54,56.188,72.888,72.632,60.723,0.0,60.707,59.037
7,Adaptive learning system,62.16,61.297,17.48,61.248,8.781,60.36,79.211,79.127,66.258,0.0,63.014,63.28
8,Adaptive learning system,62.16,63.727,16.538,63.004,8.406,64.824,85.74,85.746,71.948,0.0,65.421,67.686
9,Adaptive learning system,62.16,66.222,15.57,64.804,8.251,69.576,92.476,92.49,77.788,0.0,67.924,72.253
10,Adaptive learning system,62.16,68.783,14.576,66.647,8.092,74.623,99.421,99.363,83.782,0.0,70.526,76.984
11,Adaptive learning system,62.16,71.411,13.556,68.533,7.929,79.971,100.0,100.0,89.934,0.0,71.913,79.1
12,Adaptive learning system,62.16,71.64,12.904,69.827,7.825,85.351,100.0,100.0,96.193,0.0,73.058,80.817
13,Adaptive learning system,62.16,71.64,12.278,71.079,7.725,90.737,100.0,100.0,100.0,0.0,74.195,82.525
14,Adaptive learning system,62.16,71.64,11.898,71.84,7.664,96.126,100.0,100.0,100.0,0.0,75.225,84.11
15,Adaptive learning system,62.16,71.64,11.898,71.84,7.664,100.0,100.0,100.0,100.0,0.0,75.845,85.112
16,Adaptive learning system,62.16,71.64,11.898,71.84,7.664,100.0,100.0,100.0,100.0,0.0,75.845,85.112
17,Adaptive learning system,62.16,71.64,11.898,71.84,7.664,100.0,100.0,100.0,100.0,0.0,75.845,85.112
18,Adaptive learning system,62.16,71.64,11.898,71.84,7.664,100.0,100.0,100.0,100.0,0.0,75.845,85.112
19,Adaptive learning system,62.16,71.64,11.898,71.84,7.664,100.0,100.0,100.0,100.0,0.0,75.845,85.112
20,Adaptive learning system,62.16,71.64,11.898,71.84,7.664,100.0,100.0,100.0,100.0,0.0,75.845,85.112
21,Adaptive learning system,62.16,71.64,11.898,71.84,7.664,100.0,100.0,100.0,100.0,0.0,75.845,85.112
22,Adaptive learning system,62.16,71.64,11.898,71.84,7.664,100.0,100.0,100.0,100.0,0.0,75.845,85.112
23,Adaptive learning system,62.16,71.64,11.898,71.84,7.664,100.0,100.0,100.0,100.0,0.0,75.845,85.112
24,Adaptive learning system,62.16,71.64,11.898,71.84,7.664,100.0,100.0,100.0,100.0,0.0,75.845,85.112
25,Adaptive learning system,62.16,71.64,11.898,71.84,7.664,100.0,100.0,100.0,100.0,0.0,75.845,85.112
26,Adaptive learning system,62.16,71.64,11.898,71.84,7.664,100.0,100.0,100.0,100.0,0.0,75.845,85.112
27,Adaptive learning system,62.16,71.64,11.898,71.84,7.664,100.0,100.0,100.0,100.0,0.0,75.845,85.112
28,Adaptive learning system,62.16,71.64,11.898,71.84,7.664,100.0,100.0,100.0,100.0,0.0,75.845,85.112
29,Adaptive learning system,62.16,71.64,11.898,71.84,7.664,100.0,100.0,100.0,100.0,0.0,75.845,85.112
30,Adaptive learning system,62.16,71.64,11.898,71.84,7.664,100.0,100.0,100.0,100.0,0.0,75.845,85.112
31,Adaptive learning system,62.16,71.64,11.898,71.84,7.664,100.0,100.0,100.0,100.0,0.0,75.845,85.112
32,Adaptive learning system,62.16,71.64,11.898,71.84,7.664,100.0,100.0,100.0,100.0,0.0,75.845,85.112
33,Adaptive learning system,62.16,71.64,11.898,71.84,7.664,100.0,100.0,100.0,100.0,0.0,75.845,85.112
34,Adaptive learning system,62.16,71.64,11.898,71.84,7.664,100.0,100.0,100.0,100.0,0.0,75.845,85.112
35,Adaptive learning system,62.16,71.64,11.898,71.84,7.664,100.0,100.0,100.0,100.0,0.0,75.845,85.112
36,Adaptive learning system,62.16,71.64,11.898,71.84,7.664,100.0,100.0,100.0,100.0,0.0,75.845,85.112
37,Adaptive learning system,62.16,71.64,11.898,71.84,7.664,100.0,100.0,100.0,100.0,0.0,75.845,85.112
38,Adaptive learning system,62.16,71.64,11.898,71.84,7.664,100.0,100.0,100.0,100.0,0.0,75.845,85.112
39,Adaptive learning system,62.16,71.64,11.898,71.84,7.664,100.0,100.0,100.0,100.0,0.0,75.845,85.112
40,Adaptive learning system,62.16,71.64,11.898,71.84,7.664,100.0,100.0,100.0,100.0,0.0,75.845,85.112
41,Adaptive learning system,62.16,71.64,11.898,71.84,7.664,100.0,100.0,100.0,100.0,0.0,75.845,85.112
42,Adaptive learning system,62.16,71.64,11.898,71.84,7.664,100.0,100.0,100.0,100.0,0.0,75.845,85.112
43,Adaptive learning system,62.16,71.64,11.898,71.84,7.664,100.0,100.0,100.0,100.0,0.0,75.845,85.112
44,Adaptive learning system,62.16,71.64,11.898,71.84,7.664,100.0,100.0,100.0,100.0,0.0,75.845,85.112
45,Adaptive learning system,62.16,71.64,11.898,71.84,7.664,100.0,100.0,100.0,100.0,0.0,75.845,85.112
46,Adaptive learning system,62.16,71.64,11.898,71.84,7.664,100.0,100.0,100.0,100.0,0.0,75.845,85.112
47,Adaptive learning system,62.16,71.64,11.898,71.84,7.664,100.0,100.0,100.0,100.0,0.0,75.845,85.112
48,Adaptive learning system,62.16,71.64,11.898,71.84,7.664,100.0,100.0,100.0,100.0,0.0,75.845,85.112
0,Accountable transformation pathway,60.8,55.792,19.033,65.07,5.907,39.023,46.755,47.564,39.197,7.746,62.301,45.912
1,Accountable transformation pathway,60.8,58.376,17.98,67.036,5.067,43.381,53.742,54.853,45.785,1.65,65.559,51.725
2,Accountable transformation pathway,60.8,61.08,16.889,69.082,4.262,48.087,60.972,62.59,52.57,0.0,68.406,56.945
3,Accountable transformation pathway,60.8,63.908,15.758,71.213,4.081,53.123,68.443,70.559,59.531,0.0,71.175,62.063
4,Accountable transformation pathway,60.8,66.827,14.595,73.402,3.895,58.497,76.165,78.681,66.676,0.0,74.061,67.374
5,Accountable transformation pathway,60.8,69.825,13.4,75.643,3.704,64.22,84.141,86.96,74.007,0.0,77.065,72.881
6,Accountable transformation pathway,60.8,72.905,12.175,77.937,3.508,70.299,92.377,95.4,81.53,0.0,80.189,78.59
7,Accountable transformation pathway,60.8,76.067,10.916,80.286,3.307,76.743,100.0,100.0,89.248,0.0,83.262,83.627
8,Accountable transformation pathway,60.8,78.48,9.758,82.29,3.121,83.446,100.0,100.0,97.135,0.0,84.775,85.866
9,Accountable transformation pathway,60.8,78.48,8.97,83.867,2.995,90.155,100.0,100.0,100.0,0.0,86.196,87.998
10,Accountable transformation pathway,60.8,78.48,8.683,84.44,2.949,96.867,100.0,100.0,100.0,0.0,87.396,89.878
11,Accountable transformation pathway,60.8,78.48,8.683,84.44,2.949,100.0,100.0,100.0,100.0,0.0,87.897,90.687
12,Accountable transformation pathway,60.8,78.48,8.683,84.44,2.949,100.0,100.0,100.0,100.0,0.0,87.897,90.687
13,Accountable transformation pathway,60.8,78.48,8.683,84.44,2.949,100.0,100.0,100.0,100.0,0.0,87.897,90.687
14,Accountable transformation pathway,60.8,78.48,8.683,84.44,2.949,100.0,100.0,100.0,100.0,0.0,87.897,90.687
15,Accountable transformation pathway,60.8,78.48,8.683,84.44,2.949,100.0,100.0,100.0,100.0,0.0,87.897,90.687
16,Accountable transformation pathway,60.8,78.48,8.683,84.44,2.949,100.0,100.0,100.0,100.0,0.0,87.897,90.687
17,Accountable transformation pathway,60.8,78.48,8.683,84.44,2.949,100.0,100.0,100.0,100.0,0.0,87.897,90.687
18,Accountable transformation pathway,60.8,78.48,8.683,84.44,2.949,100.0,100.0,100.0,100.0,0.0,87.897,90.687
19,Accountable transformation pathway,60.8,78.48,8.683,84.44,2.949,100.0,100.0,100.0,100.0,0.0,87.897,90.687
20,Accountable transformation pathway,60.8,78.48,8.683,84.44,2.949,100.0,100.0,100.0,100.0,0.0,87.897,90.687
21,Accountable transformation pathway,60.8,78.48,8.683,84.44,2.949,100.0,100.0,100.0,100.0,0.0,87.897,90.687
22,Accountable transformation pathway,60.8,78.48,8.683,84.44,2.949,100.0,100.0,100.0,100.0,0.0,87.897,90.687
23,Accountable transformation pathway,60.8,78.48,8.683,84.44,2.949,100.0,100.0,100.0,100.0,0.0,87.897,90.687
24,Accountable transformation pathway,60.8,78.48,8.683,84.44,2.949,100.0,100.0,100.0,100.0,0.0,87.897,90.687
25,Accountable transformation pathway,60.8,78.48,8.683,84.44,2.949,100.0,100.0,100.0,100.0,0.0,87.897,90.687
26,Accountable transformation pathway,60.8,78.48,8.683,84.44,2.949,100.0,100.0,100.0,100.0,0.0,87.897,90.687
27,Accountable transformation pathway,60.8,78.48,8.683,84.44,2.949,100.0,100.0,100.0,100.0,0.0,87.897,90.687
28,Accountable transformation pathway,60.8,78.48,8.683,84.44,2.949,100.0,100.0,100.0,100.0,0.0,87.897,90.687
29,Accountable transformation pathway,60.8,78.48,8.683,84.44,2.949,100.0,100.0,100.0,100.0,0.0,87.897,90.687
30,Accountable transformation pathway,60.8,78.48,8.683,84.44,2.949,100.0,100.0,100.0,100.0,0.0,87.897,90.687
31,Accountable transformation pathway,60.8,78.48,8.683,84.44,2.949,100.0,100.0,100.0,100.0,0.0,87.897,90.687
32,Accountable transformation pathway,60.8,78.48,8.683,84.44,2.949,100.0,100.0,100.0,100.0,0.0,87.897,90.687
33,Accountable transformation pathway,60.8,78.48,8.683,84.44,2.949,100.0,100.0,100.0,100.0,0.0,87.897,90.687
34,Accountable transformation pathway,60.8,78.48,8.683,84.44,2.949,100.0,100.0,100.0,100.0,0.0,87.897,90.687
35,Accountable transformation pathway,60.8,78.48,8.683,84.44,2.949,100.0,100.0,100.0,100.0,0.0,87.897,90.687
36,Accountable transformation pathway,60.8,78.48,8.683,84.44,2.949,100.0,100.0,100.0,100.0,0.0,87.897,90.687
37,Accountable transformation pathway,60.8,78.48,8.683,84.44,2.949,100.0,100.0,100.0,100.0,0.0,87.897,90.687
38,Accountable transformation pathway,60.8,78.48,8.683,84.44,2.949,100.0,100.0,100.0,100.0,0.0,87.897,90.687
39,Accountable transformation pathway,60.8,78.48,8.683,84.44,2.949,100.0,100.0,100.0,100.0,0.0,87.897,90.687
40,Accountable transformation pathway,60.8,78.48,8.683,84.44,2.949,100.0,100.0,100.0,100.0,0.0,87.897,90.687
41,Accountable transformation pathway,60.8,78.48,8.683,84.44,2.949,100.0,100.0,100.0,100.0,0.0,87.897,90.687
42,Accountable transformation pathway,60.8,78.48,8.683,84.44,2.949,100.0,100.0,100.0,100.0,0.0,87.897,90.687
43,Accountable transformation pathway,60.8,78.48,8.683,84.44,2.949,100.0,100.0,100.0,100.0,0.0,87.897,90.687
44,Accountable transformation pathway,60.8,78.48,8.683,84.44,2.949,100.0,100.0,100.0,100.0,0.0,87.897,90.687
45,Accountable transformation pathway,60.8,78.48,8.683,84.44,2.949,100.0,100.0,100.0,100.0,0.0,87.897,90.687
46,Accountable transformation pathway,60.8,78.48,8.683,84.44,2.949,100.0,100.0,100.0,100.0,0.0,87.897,90.687
47,Accountable transformation pathway,60.8,78.48,8.683,84.44,2.949,100.0,100.0,100.0,100.0,0.0,87.897,90.687
48,Accountable transformation pathway,60.8,78.48,8.683,84.44,2.949,100.0,100.0,100.0,100.0,0.0,87.897,90.687
