article_slug,article_title,year,scenario,active_intervention,primary_stock_label,pressure_label,burden_label,outcome_label,demand_index,capacity_index,trust_index,institutional_memory_index,system_stock_index,burden_index,equity_gap_index,pressure_index,feedback_closure,resilience_index,risk_index,outcome_index,overshoot_pressure
feedback-loop-polarity-and-causal-signs,Feedback Loop Polarity And Causal Signs,0,Baseline / current structure,False,system stock and dynamic capacity,dynamic complexity pressure,model uncertainty and intervention burden,system performance outcome,42.0,50.214,48.686,48.409,74.367,43.658,21.175,44.625,0.05,55.443,35.708,43.956,7.633
feedback-loop-polarity-and-causal-signs,Feedback Loop Polarity And Causal Signs,1,Baseline / current structure,False,system stock and dynamic capacity,dynamic complexity pressure,model uncertainty and intervention burden,system performance outcome,43.9,49.382,47.286,47.799,66.489,45.585,21.357,45.448,0.05,52.871,36.773,41.687,7.878
feedback-loop-polarity-and-causal-signs,Feedback Loop Polarity And Causal Signs,2,Baseline / current structure,False,system stock and dynamic capacity,dynamic complexity pressure,model uncertainty and intervention burden,system performance outcome,45.8,48.502,45.798,47.167,58.359,47.565,21.547,46.369,0.05,50.202,37.898,39.331,8.13
feedback-loop-polarity-and-causal-signs,Feedback Loop Polarity And Causal Signs,3,Baseline / current structure,False,system stock and dynamic capacity,dynamic complexity pressure,model uncertainty and intervention burden,system performance outcome,47.7,47.57,44.216,46.513,49.971,49.603,21.746,47.392,0.05,47.432,39.084,36.883,8.388
feedback-loop-polarity-and-causal-signs,Feedback Loop Polarity And Causal Signs,4,Baseline / current structure,True,system stock and dynamic capacity,dynamic complexity pressure,model uncertainty and intervention burden,system performance outcome,49.6,46.978,42.888,46.269,40.837,51.361,21.851,48.331,0.22,44.751,40.202,36.777,9.134
feedback-loop-polarity-and-causal-signs,Feedback Loop Polarity And Causal Signs,5,Baseline / current structure,True,system stock and dynamic capacity,dynamic complexity pressure,model uncertainty and intervention burden,system performance outcome,51.5,46.342,41.481,46.003,31.418,53.174,21.964,49.361,0.22,41.97,41.321,34.381,9.419
feedback-loop-polarity-and-causal-signs,Feedback Loop Polarity And Causal Signs,6,Baseline / current structure,True,system stock and dynamic capacity,dynamic complexity pressure,model uncertainty and intervention burden,system performance outcome,53.4,45.658,39.992,45.715,21.707,55.045,22.084,50.483,0.22,39.083,42.499,31.891,9.712
feedback-loop-polarity-and-causal-signs,Feedback Loop Polarity And Causal Signs,7,Baseline / current structure,True,system stock and dynamic capacity,dynamic complexity pressure,model uncertainty and intervention burden,system performance outcome,55.3,44.923,38.416,45.403,11.694,56.981,22.212,51.699,0.22,36.087,43.739,29.302,10.013
feedback-loop-polarity-and-causal-signs,Feedback Loop Polarity And Causal Signs,8,Baseline / current structure,True,system stock and dynamic capacity,dynamic complexity pressure,model uncertainty and intervention burden,system performance outcome,57.2,44.135,36.749,45.066,1.373,58.985,22.348,53.013,0.22,32.976,45.044,26.612,10.321
feedback-loop-polarity-and-causal-signs,Feedback Loop Polarity And Causal Signs,9,Baseline / current structure,True,system stock and dynamic capacity,dynamic complexity pressure,model uncertainty and intervention burden,system performance outcome,59.1,43.29,34.986,44.702,0,61.064,22.492,54.426,0.22,31.787,46.252,25.391,10.638
feedback-loop-polarity-and-causal-signs,Feedback Loop Polarity And Causal Signs,10,Baseline / current structure,True,system stock and dynamic capacity,dynamic complexity pressure,model uncertainty and intervention burden,system performance outcome,61.0,42.386,33.124,44.311,0,63.223,22.645,55.943,0.22,30.847,47.467,24.348,10.68
feedback-loop-polarity-and-causal-signs,Feedback Loop Polarity And Causal Signs,11,Baseline / current structure,True,system stock and dynamic capacity,dynamic complexity pressure,model uncertainty and intervention burden,system performance outcome,62.9,41.418,31.157,43.889,0,65.466,22.807,57.566,0.22,29.854,48.744,23.246,10.68
feedback-loop-polarity-and-causal-signs,Feedback Loop Polarity And Causal Signs,12,Baseline / current structure,True,system stock and dynamic capacity,dynamic complexity pressure,model uncertainty and intervention burden,system performance outcome,64.8,40.383,29.079,43.436,0,67.801,22.978,59.299,0.22,28.804,50.089,22.082,10.68
feedback-loop-polarity-and-causal-signs,Feedback Loop Polarity And Causal Signs,13,Baseline / current structure,True,system stock and dynamic capacity,dynamic complexity pressure,model uncertainty and intervention burden,system performance outcome,66.7,39.278,26.886,42.951,0,70.232,23.159,61.145,0.22,27.694,51.507,20.853,10.68
feedback-loop-polarity-and-causal-signs,Feedback Loop Polarity And Causal Signs,14,Baseline / current structure,True,system stock and dynamic capacity,dynamic complexity pressure,model uncertainty and intervention burden,system performance outcome,68.6,38.098,24.571,42.43,0,72.766,23.35,63.108,0.22,26.52,53.001,19.556,10.68
feedback-loop-polarity-and-causal-signs,Feedback Loop Polarity And Causal Signs,15,Baseline / current structure,True,system stock and dynamic capacity,dynamic complexity pressure,model uncertainty and intervention burden,system performance outcome,70.5,36.84,22.128,41.872,0,75.41,23.552,65.192,0.22,25.28,54.574,18.185,10.68
feedback-loop-polarity-and-causal-signs,Feedback Loop Polarity And Causal Signs,16,Baseline / current structure,True,system stock and dynamic capacity,dynamic complexity pressure,model uncertainty and intervention burden,system performance outcome,72.4,35.498,19.551,41.276,0,78.169,23.764,67.402,0.22,23.969,56.23,16.738,10.68
feedback-loop-polarity-and-causal-signs,Feedback Loop Polarity And Causal Signs,17,Baseline / current structure,True,system stock and dynamic capacity,dynamic complexity pressure,model uncertainty and intervention burden,system performance outcome,74.3,34.07,16.832,40.64,0,81.052,23.989,69.741,0.22,22.584,57.973,15.211,10.68
feedback-loop-polarity-and-causal-signs,Feedback Loop Polarity And Causal Signs,18,Baseline / current structure,True,system stock and dynamic capacity,dynamic complexity pressure,model uncertainty and intervention burden,system performance outcome,76.2,32.549,13.965,39.96,0,84.065,24.225,72.216,0.22,21.121,59.807,13.599,10.68
feedback-loop-polarity-and-causal-signs,Feedback Loop Polarity And Causal Signs,19,Baseline / current structure,True,system stock and dynamic capacity,dynamic complexity pressure,model uncertainty and intervention burden,system performance outcome,78.1,30.931,10.943,39.236,0,87.215,24.474,74.83,0.22,19.575,61.736,11.897,10.68
feedback-loop-polarity-and-causal-signs,Feedback Loop Polarity And Causal Signs,20,Baseline / current structure,True,system stock and dynamic capacity,dynamic complexity pressure,model uncertainty and intervention burden,system performance outcome,80.0,29.212,7.756,38.464,0,90.511,24.736,77.59,0.22,17.943,63.764,10.101,10.68
feedback-loop-polarity-and-causal-signs,Feedback Loop Polarity And Causal Signs,21,Baseline / current structure,True,system stock and dynamic capacity,dynamic complexity pressure,model uncertainty and intervention burden,system performance outcome,81.9,27.385,4.397,37.642,0,93.96,25.012,80.501,0.22,16.22,65.896,8.206,10.68
feedback-loop-polarity-and-causal-signs,Feedback Loop Polarity And Causal Signs,22,Baseline / current structure,True,system stock and dynamic capacity,dynamic complexity pressure,model uncertainty and intervention burden,system performance outcome,83.8,25.445,0.856,36.768,0,97.571,25.302,83.569,0.22,14.4,68.137,6.206,10.68
feedback-loop-polarity-and-causal-signs,Feedback Loop Polarity And Causal Signs,23,Baseline / current structure,True,system stock and dynamic capacity,dynamic complexity pressure,model uncertainty and intervention burden,system performance outcome,85.7,23.403,0,35.847,0,100,25.602,86.8,0.22,13.254,70.077,4.925,10.68
feedback-loop-polarity-and-causal-signs,Feedback Loop Polarity And Causal Signs,24,Baseline / current structure,True,system stock and dynamic capacity,dynamic complexity pressure,model uncertainty and intervention burden,system performance outcome,87.6,21.284,0,34.892,0,100,25.902,90.166,0.22,12.512,71.403,4.145,10.68
feedback-loop-polarity-and-causal-signs,Feedback Loop Polarity And Causal Signs,25,Baseline / current structure,True,system stock and dynamic capacity,dynamic complexity pressure,model uncertainty and intervention burden,system performance outcome,89.5,19.087,0,33.903,0,100,26.202,93.61,0.22,11.743,72.758,3.337,10.68
feedback-loop-polarity-and-causal-signs,Feedback Loop Polarity And Causal Signs,26,Baseline / current structure,True,system stock and dynamic capacity,dynamic complexity pressure,model uncertainty and intervention burden,system performance outcome,91.4,16.809,0,32.879,0,100,26.502,97.131,0.22,10.946,74.143,2.5,10.68
feedback-loop-polarity-and-causal-signs,Feedback Loop Polarity And Causal Signs,27,Baseline / current structure,True,system stock and dynamic capacity,dynamic complexity pressure,model uncertainty and intervention burden,system performance outcome,93.3,14.464,0,31.826,0,100,26.802,100,0.22,10.126,75.296,1.638,10.68
feedback-loop-polarity-and-causal-signs,Feedback Loop Polarity And Causal Signs,28,Baseline / current structure,True,system stock and dynamic capacity,dynamic complexity pressure,model uncertainty and intervention burden,system performance outcome,95.2,12.108,0,30.773,0,100,27.102,100,0.22,9.303,75.416,0.774,10.68
feedback-loop-polarity-and-causal-signs,Feedback Loop Polarity And Causal Signs,29,Baseline / current structure,True,system stock and dynamic capacity,dynamic complexity pressure,model uncertainty and intervention burden,system performance outcome,97.1,9.742,0,29.72,0,100,27.402,100,0.22,8.477,75.536,0,10.68
feedback-loop-polarity-and-causal-signs,Feedback Loop Polarity And Causal Signs,30,Baseline / current structure,True,system stock and dynamic capacity,dynamic complexity pressure,model uncertainty and intervention burden,system performance outcome,99.0,7.365,0,28.667,0,100,27.702,100,0.22,7.648,75.656,0,10.68
feedback-loop-polarity-and-causal-signs,Feedback Loop Polarity And Causal Signs,0,Pressure-only intervention,False,system stock and dynamic capacity,dynamic complexity pressure,model uncertainty and intervention burden,system performance outcome,42.0,50.214,48.686,48.409,74.367,43.658,21.175,44.625,0.05,55.443,35.708,43.956,7.633
feedback-loop-polarity-and-causal-signs,Feedback Loop Polarity And Causal Signs,1,Pressure-only intervention,False,system stock and dynamic capacity,dynamic complexity pressure,model uncertainty and intervention burden,system performance outcome,43.9,49.382,47.286,47.799,66.489,45.585,21.357,45.448,0.05,52.871,36.773,41.687,7.878
feedback-loop-polarity-and-causal-signs,Feedback Loop Polarity And Causal Signs,2,Pressure-only intervention,False,system stock and dynamic capacity,dynamic complexity pressure,model uncertainty and intervention burden,system performance outcome,45.8,48.502,45.798,47.167,58.359,47.565,21.547,46.369,0.05,50.202,37.898,39.331,8.13
feedback-loop-polarity-and-causal-signs,Feedback Loop Polarity And Causal Signs,3,Pressure-only intervention,False,system stock and dynamic capacity,dynamic complexity pressure,model uncertainty and intervention burden,system performance outcome,47.7,47.57,44.216,46.513,49.971,49.603,21.746,47.392,0.05,47.432,39.084,36.883,8.388
feedback-loop-polarity-and-causal-signs,Feedback Loop Polarity And Causal Signs,4,Pressure-only intervention,True,system stock and dynamic capacity,dynamic complexity pressure,model uncertainty and intervention burden,system performance outcome,49.6,46.843,42.474,46.063,40.707,51.545,21.902,48.375,0.18,44.537,40.308,38.161,9.264
feedback-loop-polarity-and-causal-signs,Feedback Loop Polarity And Causal Signs,5,Pressure-only intervention,True,system stock and dynamic capacity,dynamic complexity pressure,model uncertainty and intervention burden,system performance outcome,51.5,46.066,40.644,45.59,31.153,53.546,22.066,49.456,0.18,41.536,41.522,35.543,9.554
feedback-loop-polarity-and-causal-signs,Feedback Loop Polarity And Causal Signs,6,Pressure-only intervention,True,system stock and dynamic capacity,dynamic complexity pressure,model uncertainty and intervention burden,system performance outcome,53.4,45.236,38.72,45.093,21.302,55.612,22.238,50.637,0.18,38.424,42.799,32.825,9.851
feedback-loop-polarity-and-causal-signs,Feedback Loop Polarity And Causal Signs,7,Pressure-only intervention,True,system stock and dynamic capacity,dynamic complexity pressure,model uncertainty and intervention burden,system performance outcome,55.3,44.35,36.7,44.571,11.145,57.747,22.419,51.92,0.18,35.196,44.144,30.004,10.156
feedback-loop-polarity-and-causal-signs,Feedback Loop Polarity And Causal Signs,8,Pressure-only intervention,True,system stock and dynamic capacity,dynamic complexity pressure,model uncertainty and intervention burden,system performance outcome,57.2,43.404,34.577,44.021,0.676,59.956,22.609,53.308,0.18,31.849,45.558,27.074,10.469
feedback-loop-polarity-and-causal-signs,Feedback Loop Polarity And Causal Signs,9,Pressure-only intervention,True,system stock and dynamic capacity,dynamic complexity pressure,model uncertainty and intervention burden,system performance outcome,59.1,42.395,32.347,43.442,0,62.247,22.808,54.805,0.18,30.603,46.866,25.752,10.79
feedback-loop-polarity-and-causal-signs,Feedback Loop Polarity And Causal Signs,10,Pressure-only intervention,True,system stock and dynamic capacity,dynamic complexity pressure,model uncertainty and intervention burden,system performance outcome,61.0,41.319,30.006,42.833,0,64.623,23.017,56.413,0.18,29.449,48.195,24.483,10.81
feedback-loop-polarity-and-causal-signs,Feedback Loop Polarity And Causal Signs,11,Pressure-only intervention,True,system stock and dynamic capacity,dynamic complexity pressure,model uncertainty and intervention burden,system performance outcome,62.9,40.174,27.547,42.192,0,67.093,23.235,58.136,0.18,28.235,49.594,23.149,10.81
feedback-loop-polarity-and-causal-signs,Feedback Loop Polarity And Causal Signs,12,Pressure-only intervention,True,system stock and dynamic capacity,dynamic complexity pressure,model uncertainty and intervention burden,system performance outcome,64.8,38.954,24.965,41.518,0,69.661,23.464,59.979,0.18,26.958,51.068,21.747,10.81
feedback-loop-polarity-and-causal-signs,Feedback Loop Polarity And Causal Signs,13,Pressure-only intervention,True,system stock and dynamic capacity,dynamic complexity pressure,model uncertainty and intervention burden,system performance outcome,66.7,37.657,22.254,40.807,0,72.334,23.703,61.944,0.18,25.615,52.621,20.273,10.81
feedback-loop-polarity-and-causal-signs,Feedback Loop Polarity And Causal Signs,14,Pressure-only intervention,True,system stock and dynamic capacity,dynamic complexity pressure,model uncertainty and intervention burden,system performance outcome,68.6,36.277,19.407,40.059,0,75.119,23.954,64.036,0.18,24.201,54.257,18.723,10.81
feedback-loop-polarity-and-causal-signs,Feedback Loop Polarity And Causal Signs,15,Pressure-only intervention,True,system stock and dynamic capacity,dynamic complexity pressure,model uncertainty and intervention burden,system performance outcome,70.5,34.81,16.418,39.271,0,78.023,24.216,66.259,0.18,22.714,55.978,17.094,10.81
feedback-loop-polarity-and-causal-signs,Feedback Loop Polarity And Causal Signs,16,Pressure-only intervention,True,system stock and dynamic capacity,dynamic complexity pressure,model uncertainty and intervention burden,system performance outcome,72.4,33.251,13.279,38.442,0,81.053,24.49,68.619,0.18,21.15,57.79,15.38,10.81
feedback-loop-polarity-and-causal-signs,Feedback Loop Polarity And Causal Signs,17,Pressure-only intervention,True,system stock and dynamic capacity,dynamic complexity pressure,model uncertainty and intervention burden,system performance outcome,74.3,31.597,9.984,37.568,0,84.217,24.777,71.119,0.18,19.504,59.696,13.577,10.81
feedback-loop-polarity-and-causal-signs,Feedback Loop Polarity And Causal Signs,18,Pressure-only intervention,True,system stock and dynamic capacity,dynamic complexity pressure,model uncertainty and intervention burden,system performance outcome,76.2,29.841,6.524,36.649,0,87.522,25.077,73.766,0.18,17.771,61.701,11.681,10.81
feedback-loop-polarity-and-causal-signs,Feedback Loop Polarity And Causal Signs,19,Pressure-only intervention,True,system stock and dynamic capacity,dynamic complexity pressure,model uncertainty and intervention burden,system performance outcome,78.1,27.978,2.891,35.68,0,90.976,25.391,76.565,0.18,15.949,63.809,9.686,10.81
feedback-loop-polarity-and-causal-signs,Feedback Loop Polarity And Causal Signs,20,Pressure-only intervention,True,system stock and dynamic capacity,dynamic complexity pressure,model uncertainty and intervention burden,system performance outcome,80.0,26.004,0,34.66,0,94.589,25.719,79.522,0.18,14.234,66.009,7.792,10.81
feedback-loop-polarity-and-causal-signs,Feedback Loop Polarity And Causal Signs,21,Pressure-only intervention,True,system stock and dynamic capacity,dynamic complexity pressure,model uncertainty and intervention burden,system performance outcome,81.9,23.911,0,33.587,0,98.368,26.063,82.643,0.18,13.097,68.268,6.466,10.81
feedback-loop-polarity-and-causal-signs,Feedback Loop Polarity And Causal Signs,22,Pressure-only intervention,True,system stock and dynamic capacity,dynamic complexity pressure,model uncertainty and intervention burden,system performance outcome,83.8,21.722,0,32.47,0,100,26.413,85.934,0.18,12.142,70.017,5.406,10.81
feedback-loop-polarity-and-causal-signs,Feedback Loop Polarity And Causal Signs,23,Pressure-only intervention,True,system stock and dynamic capacity,dynamic complexity pressure,model uncertainty and intervention burden,system performance outcome,85.7,19.454,0,31.32,0,100,26.763,89.345,0.18,11.322,71.373,4.547,10.81
feedback-loop-polarity-and-causal-signs,Feedback Loop Polarity And Causal Signs,24,Pressure-only intervention,True,system stock and dynamic capacity,dynamic complexity pressure,model uncertainty and intervention burden,system performance outcome,87.6,17.105,0,30.135,0,100,27.113,92.834,0.18,10.474,72.76,3.658,10.81
feedback-loop-polarity-and-causal-signs,Feedback Loop Polarity And Causal Signs,25,Pressure-only intervention,True,system stock and dynamic capacity,dynamic complexity pressure,model uncertainty and intervention burden,system performance outcome,89.5,14.672,0,28.914,0,100,27.463,96.405,0.18,9.597,74.179,2.739,10.81
feedback-loop-polarity-and-causal-signs,Feedback Loop Polarity And Causal Signs,26,Pressure-only intervention,True,system stock and dynamic capacity,dynamic complexity pressure,model uncertainty and intervention burden,system performance outcome,91.4,12.155,0,27.657,0,100,27.813,100,0.18,8.692,75.608,1.791,10.81
feedback-loop-polarity-and-causal-signs,Feedback Loop Polarity And Causal Signs,27,Pressure-only intervention,True,system stock and dynamic capacity,dynamic complexity pressure,model uncertainty and intervention burden,system performance outcome,93.3,9.626,0,26.4,0,100,28.163,100,0.18,7.783,75.744,0.839,10.81
feedback-loop-polarity-and-causal-signs,Feedback Loop Polarity And Causal Signs,28,Pressure-only intervention,True,system stock and dynamic capacity,dynamic complexity pressure,model uncertainty and intervention burden,system performance outcome,95.2,7.084,0,25.143,0,100,28.513,100,0.18,6.87,75.88,0,10.81
feedback-loop-polarity-and-causal-signs,Feedback Loop Polarity And Causal Signs,29,Pressure-only intervention,True,system stock and dynamic capacity,dynamic complexity pressure,model uncertainty and intervention burden,system performance outcome,97.1,4.529,0,23.886,0,100,28.863,100,0.18,5.955,76.016,0,10.81
feedback-loop-polarity-and-causal-signs,Feedback Loop Polarity And Causal Signs,30,Pressure-only intervention,True,system stock and dynamic capacity,dynamic complexity pressure,model uncertainty and intervention burden,system performance outcome,99.0,1.962,0,22.629,0,100,29.213,100,0.18,5.036,76.153,0,10.81
feedback-loop-polarity-and-causal-signs,Feedback Loop Polarity And Causal Signs,0,Capacity-building intervention,False,system stock and dynamic capacity,dynamic complexity pressure,model uncertainty and intervention burden,system performance outcome,42.0,50.214,48.686,48.409,74.367,43.658,21.175,44.625,0.05,55.443,35.708,43.956,7.633
feedback-loop-polarity-and-causal-signs,Feedback Loop Polarity And Causal Signs,1,Capacity-building intervention,False,system stock and dynamic capacity,dynamic complexity pressure,model uncertainty and intervention burden,system performance outcome,43.9,49.382,47.286,47.799,66.489,45.585,21.357,45.448,0.05,52.871,36.773,41.687,7.878
feedback-loop-polarity-and-causal-signs,Feedback Loop Polarity And Causal Signs,2,Capacity-building intervention,False,system stock and dynamic capacity,dynamic complexity pressure,model uncertainty and intervention burden,system performance outcome,45.8,48.502,45.798,47.167,58.359,47.565,21.547,46.369,0.05,50.202,37.898,39.331,8.13
feedback-loop-polarity-and-causal-signs,Feedback Loop Polarity And Causal Signs,3,Capacity-building intervention,False,system stock and dynamic capacity,dynamic complexity pressure,model uncertainty and intervention burden,system performance outcome,47.7,47.57,44.216,46.513,49.971,49.603,21.746,47.392,0.05,47.432,39.084,36.883,8.388
feedback-loop-polarity-and-causal-signs,Feedback Loop Polarity And Causal Signs,4,Capacity-building intervention,True,system stock and dynamic capacity,dynamic complexity pressure,model uncertainty and intervention burden,system performance outcome,49.6,48.202,43.701,47.228,42.518,50.49,21.398,48.045,0.48,45.897,39.498,38.701,7.453
feedback-loop-polarity-and-causal-signs,Feedback Loop Polarity And Causal Signs,5,Capacity-building intervention,True,system stock and dynamic capacity,dynamic complexity pressure,model uncertainty and intervention burden,system performance outcome,51.5,48.817,43.172,47.93,34.837,51.396,21.053,48.743,0.48,44.301,40.077,37.468,7.681
feedback-loop-polarity-and-causal-signs,Feedback Loop Polarity And Causal Signs,6,Capacity-building intervention,True,system stock and dynamic capacity,dynamic complexity pressure,model uncertainty and intervention burden,system performance outcome,53.4,49.413,42.627,48.619,26.92,52.321,20.712,49.484,0.48,42.64,40.685,36.181,7.917
feedback-loop-polarity-and-causal-signs,Feedback Loop Polarity And Causal Signs,7,Capacity-building intervention,True,system stock and dynamic capacity,dynamic complexity pressure,model uncertainty and intervention burden,system performance outcome,55.3,49.988,42.065,49.295,18.759,53.27,20.376,50.272,0.48,40.91,41.322,34.837,8.161
feedback-loop-polarity-and-causal-signs,Feedback Loop Polarity And Causal Signs,8,Capacity-building intervention,True,system stock and dynamic capacity,dynamic complexity pressure,model uncertainty and intervention burden,system performance outcome,57.2,50.542,41.483,49.956,10.345,54.243,20.043,51.105,0.48,39.11,41.99,33.433,8.414
feedback-loop-polarity-and-causal-signs,Feedback Loop Polarity And Causal Signs,9,Capacity-building intervention,True,system stock and dynamic capacity,dynamic complexity pressure,model uncertainty and intervention burden,system performance outcome,59.1,51.073,40.881,50.603,1.669,55.244,19.714,51.986,0.48,37.236,42.689,31.967,8.676
feedback-loop-polarity-and-causal-signs,Feedback Loop Polarity And Causal Signs,10,Capacity-building intervention,True,system stock and dynamic capacity,dynamic complexity pressure,model uncertainty and intervention burden,system performance outcome,61.0,51.58,40.255,51.234,0,56.275,19.389,52.916,0.48,36.886,43.294,31.673,8.947
feedback-loop-polarity-and-causal-signs,Feedback Loop Polarity And Causal Signs,11,Capacity-building intervention,True,system stock and dynamic capacity,dynamic complexity pressure,model uncertainty and intervention burden,system performance outcome,62.9,52.06,39.604,51.849,0,57.338,19.068,53.895,0.48,36.885,43.872,31.642,8.999
feedback-loop-polarity-and-causal-signs,Feedback Loop Polarity And Causal Signs,12,Capacity-building intervention,True,system stock and dynamic capacity,dynamic complexity pressure,model uncertainty and intervention burden,system performance outcome,64.8,52.513,38.926,52.447,0,58.436,18.752,54.926,0.48,36.863,44.473,31.589,8.999
feedback-loop-polarity-and-causal-signs,Feedback Loop Polarity And Causal Signs,13,Capacity-building intervention,True,system stock and dynamic capacity,dynamic complexity pressure,model uncertainty and intervention burden,system performance outcome,66.7,52.936,38.219,53.028,0,59.573,18.44,56.009,0.48,36.82,45.106,31.513,8.999
feedback-loop-polarity-and-causal-signs,Feedback Loop Polarity And Causal Signs,14,Capacity-building intervention,True,system stock and dynamic capacity,dynamic complexity pressure,model uncertainty and intervention burden,system performance outcome,68.6,53.329,37.48,53.59,0,60.75,18.133,57.147,0.48,36.754,45.771,31.412,8.999
feedback-loop-polarity-and-causal-signs,Feedback Loop Polarity And Causal Signs,15,Capacity-building intervention,True,system stock and dynamic capacity,dynamic complexity pressure,model uncertainty and intervention burden,system performance outcome,70.5,53.688,36.706,54.133,0,61.97,17.831,58.34,0.48,36.664,46.471,31.284,8.999
feedback-loop-polarity-and-causal-signs,Feedback Loop Polarity And Causal Signs,16,Capacity-building intervention,True,system stock and dynamic capacity,dynamic complexity pressure,model uncertainty and intervention burden,system performance outcome,72.4,54.013,35.895,54.655,0,63.238,17.534,59.59,0.48,36.547,47.207,31.128,8.999
feedback-loop-polarity-and-causal-signs,Feedback Loop Polarity And Causal Signs,17,Capacity-building intervention,True,system stock and dynamic capacity,dynamic complexity pressure,model uncertainty and intervention burden,system performance outcome,74.3,54.301,35.043,55.157,0,64.555,17.242,60.901,0.48,36.404,47.98,30.942,8.999
feedback-loop-polarity-and-causal-signs,Feedback Loop Polarity And Causal Signs,18,Capacity-building intervention,True,system stock and dynamic capacity,dynamic complexity pressure,model uncertainty and intervention burden,system performance outcome,76.2,54.55,34.149,55.637,0,65.925,16.956,62.272,0.48,36.231,48.792,30.724,8.999
feedback-loop-polarity-and-causal-signs,Feedback Loop Polarity And Causal Signs,19,Capacity-building intervention,True,system stock and dynamic capacity,dynamic complexity pressure,model uncertainty and intervention burden,system performance outcome,78.1,54.758,33.208,56.094,0,67.351,16.675,63.707,0.48,36.026,49.645,30.472,8.999
feedback-loop-polarity-and-causal-signs,Feedback Loop Polarity And Causal Signs,20,Capacity-building intervention,True,system stock and dynamic capacity,dynamic complexity pressure,model uncertainty and intervention burden,system performance outcome,80.0,54.922,32.217,56.526,0,68.838,16.4,65.208,0.48,35.789,50.541,30.184,8.999
feedback-loop-polarity-and-causal-signs,Feedback Loop Polarity And Causal Signs,21,Capacity-building intervention,True,system stock and dynamic capacity,dynamic complexity pressure,model uncertainty and intervention burden,system performance outcome,81.9,55.041,31.173,56.934,0,70.387,16.132,66.776,0.48,35.517,51.482,29.857,8.999
feedback-loop-polarity-and-causal-signs,Feedback Loop Polarity And Causal Signs,22,Capacity-building intervention,True,system stock and dynamic capacity,dynamic complexity pressure,model uncertainty and intervention burden,system performance outcome,83.8,55.112,30.072,57.316,0,72.004,15.87,68.415,0.48,35.208,52.471,29.49,8.999
feedback-loop-polarity-and-causal-signs,Feedback Loop Polarity And Causal Signs,23,Capacity-building intervention,True,system stock and dynamic capacity,dynamic complexity pressure,model uncertainty and intervention burden,system performance outcome,85.7,55.133,28.91,57.671,0,73.692,15.615,70.128,0.48,34.86,53.508,29.081,8.999
feedback-loop-polarity-and-causal-signs,Feedback Loop Polarity And Causal Signs,24,Capacity-building intervention,True,system stock and dynamic capacity,dynamic complexity pressure,model uncertainty and intervention burden,system performance outcome,87.6,55.1,27.683,57.997,0,75.455,15.367,71.916,0.48,34.47,54.597,28.626,8.999
feedback-loop-polarity-and-causal-signs,Feedback Loop Polarity And Causal Signs,25,Capacity-building intervention,True,system stock and dynamic capacity,dynamic complexity pressure,model uncertainty and intervention burden,system performance outcome,89.5,55.01,26.386,58.293,0,77.298,15.126,73.784,0.48,34.037,55.739,28.123,8.999
feedback-loop-polarity-and-causal-signs,Feedback Loop Polarity And Causal Signs,26,Capacity-building intervention,True,system stock and dynamic capacity,dynamic complexity pressure,model uncertainty and intervention burden,system performance outcome,91.4,54.862,25.016,58.559,0,79.224,14.893,75.733,0.48,33.557,56.938,27.569,8.999
feedback-loop-polarity-and-causal-signs,Feedback Loop Polarity And Causal Signs,27,Capacity-building intervention,True,system stock and dynamic capacity,dynamic complexity pressure,model uncertainty and intervention burden,system performance outcome,93.3,54.651,23.566,58.791,0,81.239,14.668,77.768,0.48,33.028,58.197,26.962,8.999
feedback-loop-polarity-and-causal-signs,Feedback Loop Polarity And Causal Signs,28,Capacity-building intervention,True,system stock and dynamic capacity,dynamic complexity pressure,model uncertainty and intervention burden,system performance outcome,95.2,54.375,22.032,58.99,0,83.347,14.451,79.892,0.48,32.448,59.517,26.299,8.999
feedback-loop-polarity-and-causal-signs,Feedback Loop Polarity And Causal Signs,29,Capacity-building intervention,True,system stock and dynamic capacity,dynamic complexity pressure,model uncertainty and intervention burden,system performance outcome,97.1,54.03,20.409,59.154,0,85.553,14.243,82.108,0.48,31.813,60.901,25.576,8.999
feedback-loop-polarity-and-causal-signs,Feedback Loop Polarity And Causal Signs,30,Capacity-building intervention,True,system stock and dynamic capacity,dynamic complexity pressure,model uncertainty and intervention burden,system performance outcome,99.0,53.613,18.691,59.281,0,87.863,14.045,84.42,0.48,31.121,62.354,24.791,8.999
feedback-loop-polarity-and-causal-signs,Feedback Loop Polarity And Causal Signs,0,Structural redesign,False,system stock and dynamic capacity,dynamic complexity pressure,model uncertainty and intervention burden,system performance outcome,42.0,50.214,48.686,48.409,74.367,43.658,21.175,44.625,0.05,55.443,35.708,43.956,7.633
feedback-loop-polarity-and-causal-signs,Feedback Loop Polarity And Causal Signs,1,Structural redesign,False,system stock and dynamic capacity,dynamic complexity pressure,model uncertainty and intervention burden,system performance outcome,43.9,49.382,47.286,47.799,66.489,45.585,21.357,45.448,0.05,52.871,36.773,41.687,7.878
feedback-loop-polarity-and-causal-signs,Feedback Loop Polarity And Causal Signs,2,Structural redesign,False,system stock and dynamic capacity,dynamic complexity pressure,model uncertainty and intervention burden,system performance outcome,45.8,48.502,45.798,47.167,58.359,47.565,21.547,46.369,0.05,50.202,37.898,39.331,8.13
feedback-loop-polarity-and-causal-signs,Feedback Loop Polarity And Causal Signs,3,Structural redesign,False,system stock and dynamic capacity,dynamic complexity pressure,model uncertainty and intervention burden,system performance outcome,47.7,47.57,44.216,46.513,49.971,49.603,21.746,47.392,0.05,47.432,39.084,36.883,8.388
feedback-loop-polarity-and-causal-signs,Feedback Loop Polarity And Causal Signs,4,Structural redesign,True,system stock and dynamic capacity,dynamic complexity pressure,model uncertainty and intervention burden,system performance outcome,49.6,48.892,44.343,47.931,44.148,49.804,21.045,47.803,0.7,46.786,38.902,39.953,5.823
feedback-loop-polarity-and-causal-signs,Feedback Loop Polarity And Causal Signs,5,Structural redesign,True,system stock and dynamic capacity,dynamic complexity pressure,model uncertainty and intervention burden,system performance outcome,51.5,50.216,44.501,49.344,38.15,49.996,20.345,48.228,0.7,46.109,39.054,39.602,5.997
feedback-loop-polarity-and-causal-signs,Feedback Loop Polarity And Causal Signs,6,Structural redesign,True,system stock and dynamic capacity,dynamic complexity pressure,model uncertainty and intervention burden,system performance outcome,53.4,51.544,44.69,50.751,31.972,50.18,19.646,48.664,0.7,45.399,39.212,39.227,6.178
feedback-loop-polarity-and-causal-signs,Feedback Loop Polarity And Causal Signs,7,Structural redesign,True,system stock and dynamic capacity,dynamic complexity pressure,model uncertainty and intervention burden,system performance outcome,55.3,52.875,44.911,52.153,25.605,50.358,18.947,49.113,0.7,44.656,39.376,38.829,6.367
feedback-loop-polarity-and-causal-signs,Feedback Loop Polarity And Causal Signs,8,Structural redesign,True,system stock and dynamic capacity,dynamic complexity pressure,model uncertainty and intervention burden,system performance outcome,57.2,54.209,45.164,53.549,19.042,50.529,18.249,49.575,0.7,43.877,39.547,38.404,6.563
feedback-loop-polarity-and-causal-signs,Feedback Loop Polarity And Causal Signs,9,Structural redesign,True,system stock and dynamic capacity,dynamic complexity pressure,model uncertainty and intervention burden,system performance outcome,59.1,55.545,45.449,54.94,12.275,50.694,17.552,50.047,0.7,43.06,39.724,37.953,6.767
feedback-loop-polarity-and-causal-signs,Feedback Loop Polarity And Causal Signs,10,Structural redesign,True,system stock and dynamic capacity,dynamic complexity pressure,model uncertainty and intervention burden,system performance outcome,61.0,56.884,45.766,56.324,5.296,50.854,16.855,50.532,0.7,42.203,39.909,37.472,6.979
feedback-loop-polarity-and-causal-signs,Feedback Loop Polarity And Causal Signs,11,Structural redesign,True,system stock and dynamic capacity,dynamic complexity pressure,model uncertainty and intervention burden,system performance outcome,62.9,58.224,46.114,57.703,0,51.008,16.159,51.028,0.7,41.723,40.067,37.285,7.2
feedback-loop-polarity-and-causal-signs,Feedback Loop Polarity And Causal Signs,12,Structural redesign,True,system stock and dynamic capacity,dynamic complexity pressure,model uncertainty and intervention burden,system performance outcome,64.8,59.567,46.495,59.075,0,51.158,15.464,51.535,0.7,42.415,40.128,38.006,7.37
feedback-loop-polarity-and-causal-signs,Feedback Loop Polarity And Causal Signs,13,Structural redesign,True,system stock and dynamic capacity,dynamic complexity pressure,model uncertainty and intervention burden,system performance outcome,66.7,60.911,46.907,60.442,0,51.304,14.769,52.053,0.7,43.114,40.172,38.733,7.37
feedback-loop-polarity-and-causal-signs,Feedback Loop Polarity And Causal Signs,14,Structural redesign,True,system stock and dynamic capacity,dynamic complexity pressure,model uncertainty and intervention burden,system performance outcome,68.6,62.256,47.352,61.803,0,51.447,14.075,52.582,0.7,43.82,40.218,39.467,7.37
feedback-loop-polarity-and-causal-signs,Feedback Loop Polarity And Causal Signs,15,Structural redesign,True,system stock and dynamic capacity,dynamic complexity pressure,model uncertainty and intervention burden,system performance outcome,70.5,63.603,47.828,63.157,0,51.586,13.381,53.122,0.7,44.532,40.267,40.208,7.37
feedback-loop-polarity-and-causal-signs,Feedback Loop Polarity And Causal Signs,16,Structural redesign,True,system stock and dynamic capacity,dynamic complexity pressure,model uncertainty and intervention burden,system performance outcome,72.4,64.95,48.337,64.505,0,51.723,12.688,53.673,0.7,45.25,40.318,40.955,7.37
feedback-loop-polarity-and-causal-signs,Feedback Loop Polarity And Causal Signs,17,Structural redesign,True,system stock and dynamic capacity,dynamic complexity pressure,model uncertainty and intervention burden,system performance outcome,74.3,66.298,48.877,65.846,0,51.858,11.996,54.234,0.7,45.974,40.373,41.709,7.37
feedback-loop-polarity-and-causal-signs,Feedback Loop Polarity And Causal Signs,18,Structural redesign,True,system stock and dynamic capacity,dynamic complexity pressure,model uncertainty and intervention burden,system performance outcome,76.2,67.647,49.449,67.181,0,51.991,11.304,54.807,0.7,46.704,40.431,42.469,7.37
feedback-loop-polarity-and-causal-signs,Feedback Loop Polarity And Causal Signs,19,Structural redesign,True,system stock and dynamic capacity,dynamic complexity pressure,model uncertainty and intervention burden,system performance outcome,78.1,68.995,50.053,68.51,0,52.123,10.612,55.389,0.7,47.44,40.491,43.234,7.37
feedback-loop-polarity-and-causal-signs,Feedback Loop Polarity And Causal Signs,20,Structural redesign,True,system stock and dynamic capacity,dynamic complexity pressure,model uncertainty and intervention burden,system performance outcome,80.0,70.344,50.689,69.831,0,52.255,9.921,55.982,0.7,48.182,40.555,44.006,7.37
feedback-loop-polarity-and-causal-signs,Feedback Loop Polarity And Causal Signs,21,Structural redesign,True,system stock and dynamic capacity,dynamic complexity pressure,model uncertainty and intervention burden,system performance outcome,81.9,71.692,51.356,71.146,0,52.386,9.231,56.586,0.7,48.929,40.623,44.783,7.37
feedback-loop-polarity-and-causal-signs,Feedback Loop Polarity And Causal Signs,22,Structural redesign,True,system stock and dynamic capacity,dynamic complexity pressure,model uncertainty and intervention burden,system performance outcome,83.8,73.039,52.055,72.454,0,52.518,8.541,57.2,0.7,49.681,40.694,45.565,7.37
feedback-loop-polarity-and-causal-signs,Feedback Loop Polarity And Causal Signs,23,Structural redesign,True,system stock and dynamic capacity,dynamic complexity pressure,model uncertainty and intervention burden,system performance outcome,85.7,74.385,52.785,73.755,0,52.65,7.851,57.825,0.7,50.439,40.769,46.353,7.37
feedback-loop-polarity-and-causal-signs,Feedback Loop Polarity And Causal Signs,24,Structural redesign,True,system stock and dynamic capacity,dynamic complexity pressure,model uncertainty and intervention burden,system performance outcome,87.6,75.73,53.546,75.049,0,52.784,7.162,58.46,0.7,51.201,40.847,47.145,7.37
feedback-loop-polarity-and-causal-signs,Feedback Loop Polarity And Causal Signs,25,Structural redesign,True,system stock and dynamic capacity,dynamic complexity pressure,model uncertainty and intervention burden,system performance outcome,89.5,77.073,54.338,76.335,0,52.92,6.474,59.106,0.7,51.968,40.93,47.943,7.37
feedback-loop-polarity-and-causal-signs,Feedback Loop Polarity And Causal Signs,26,Structural redesign,True,system stock and dynamic capacity,dynamic complexity pressure,model uncertainty and intervention burden,system performance outcome,91.4,78.415,55.16,77.614,0,53.058,5.786,59.763,0.7,52.74,41.016,48.744,7.37
feedback-loop-polarity-and-causal-signs,Feedback Loop Polarity And Causal Signs,27,Structural redesign,True,system stock and dynamic capacity,dynamic complexity pressure,model uncertainty and intervention burden,system performance outcome,93.3,79.754,56.013,78.886,0,53.199,5.099,60.431,0.7,53.516,41.108,49.551,7.37
feedback-loop-polarity-and-causal-signs,Feedback Loop Polarity And Causal Signs,28,Structural redesign,True,system stock and dynamic capacity,dynamic complexity pressure,model uncertainty and intervention burden,system performance outcome,95.2,81.09,56.896,80.149,0,53.343,4.413,61.109,0.7,54.296,41.203,50.361,7.37
feedback-loop-polarity-and-causal-signs,Feedback Loop Polarity And Causal Signs,29,Structural redesign,True,system stock and dynamic capacity,dynamic complexity pressure,model uncertainty and intervention burden,system performance outcome,97.1,82.424,57.809,81.405,0,53.491,3.727,61.799,0.7,55.08,41.304,51.174,7.37
feedback-loop-polarity-and-causal-signs,Feedback Loop Polarity And Causal Signs,30,Structural redesign,True,system stock and dynamic capacity,dynamic complexity pressure,model uncertainty and intervention burden,system performance outcome,99.0,83.754,58.751,82.654,0,53.644,3.041,62.5,0.7,55.868,41.41,51.992,7.37
